"paper_id","coder","paper_title","operationalization category","operationalization value","text evidence","notes"
1,"Amelia","An introduction to docker for reproducible research","Classification","not specified",,
1,"Amelia","An introduction to docker for reproducible research","Scope: unit","not specified",,
1,"Amelia","An introduction to docker for reproducible research","Scope: coverage","not specified",,
2,"Amelia","Towards reproducibility in scientific workflows: an infrastructure-based approach","Classification","not specified",,
2,"Amelia","Towards reproducibility in scientific workflows: an infrastructure-based approach","Scope: unit","not specified",,
2,"Amelia","Towards reproducibility in scientific workflows: an infrastructure-based approach","Scope: coverage","not specified",,
3,"Amelia","Reproducing statistical results","Classification","not specified",,
3,"Amelia","Reproducing statistical results","Scope: unit","not specified",,
3,"Amelia","Reproducing statistical results","Scope: coverage","not specified",,
4,"Amelia","Storing reproducible results from computational experiments using scientific python packages","Classification","not specified",,
4,"Amelia","Storing reproducible results from computational experiments using scientific python packages","Scope: unit","not specified",,
4,"Amelia","Storing reproducible results from computational experiments using scientific python packages","Scope: coverage","not specified",,
5,"Amelia","ReproZip: computational reproducibility with ease","Classification","not specified",,
5,"Amelia","ReproZip: computational reproducibility with ease","Scope: unit","not specified",,
5,"Amelia","ReproZip: computational reproducibility with ease","Scope: coverage","not specified",,
6,"Amelia","A manifesto for data sharing in social media research","Classification","not specified",,
6,"Amelia","A manifesto for data sharing in social media research","Scope: unit","not specified",,
6,"Amelia","A manifesto for data sharing in social media research","Scope: coverage","not specified",,
7,"Amelia","Tools and techniques for computational reproducibility","Classification","not specified",,
7,"Amelia","Tools and techniques for computational reproducibility","Scope: unit","not specified",,
7,"Amelia","Tools and techniques for computational reproducibility","Scope: coverage","not specified",,
8,"Amelia","How transparency and reproducibility can increase credibility in policy analysis: a case study of the minimum wage policy estimate","Classification","ordinal","""Each standard is scored on a four level scale, from the lowest score at level 0 to the highest score at level 3."" (p. 38)",
8,"Amelia","How transparency and reproducibility can increase credibility in policy analysis: a case study of the minimum wage policy estimate","Scope: unit","paper-level","Table 4.2.1 scores ""Original"" CBO report vs. ""DD"" as single entities per standard (pp. 50–60)",
8,"Amelia","How transparency and reproducibility can increase credibility in policy analysis: a case study of the minimum wage policy estimate","Scope: coverage","not specified",,
9,"Amelia","Using ReproZip for reproducibility and library services","Classification","not specified",,
9,"Amelia","Using ReproZip for reproducibility and library services","Scope: unit","not specified",,
9,"Amelia","Using ReproZip for reproducibility and library services","Scope: coverage","not specified",,
10,"Amelia","Sustainable computational science: the ReScience initiative","Classification","not specified",,
10,"Amelia","Sustainable computational science: the ReScience initiative","Scope: unit","not specified",,
10,"Amelia","Sustainable computational science: the ReScience initiative","Scope: coverage","not specified",,
11,"Amelia","Sciunits: reusable research objects","Classification","not specified",,
11,"Amelia","Sciunits: reusable research objects","Scope: unit","not specified",,
11,"Amelia","Sciunits: reusable research objects","Scope: coverage","not specified",,
12,"Amelia","Reproducibility: a primer on semantics and implications for research","Classification","not specified",,
12,"Amelia","Reproducibility: a primer on semantics and implications for research","Scope: unit","not specified",,
12,"Amelia","Reproducibility: a primer on semantics and implications for research","Scope: coverage","not specified",,
13,"Amelia","Reproducibility does not imply reproduction","Classification","not specified",,
13,"Amelia","Reproducibility does not imply reproduction","Scope: unit","not specified",,
13,"Amelia","Reproducibility does not imply reproduction","Scope: coverage","not specified",,
14,"Amelia","An empirical analysis of journal policy effectiveness for computational reproducibility","Classification","ordinal","1) Impossible to reproduce (missing essential code, data, or methodology); 2) Nearly impossible to reproduce (specialized hardware, intense computation requirements, sensitive data, human study, or other unavoidable reasons); 3) Difficult to reproduce because of unavoidable inherent complexity (e.g., requiring 300 million Markov chain Monte Carlo steps on each dataset, or needing months to do runs); 4) Reproducible with substantial tedious effort (e.g., individual download of a large number of datasets, hand coding of data into a new format, i.e., from an image, many archiving steps required); 5) Reproducible with substantial intellectual effort (e.g., methods well defined but required some knowledge of jargon or understanding of the field; or down the rabbit hole references to past articles required to reproduce; etc.); 6) Could reproduce with fairly substantial skill and knowledge (e.g., required GPU programing abilities to run code that wasn’t given; translating complex models into MATLAB code; pseudo code with functions not detailed described in text into code; missing scripts); 6) Reproducible after tweaking (e.g., missing parameters required fiddling to find, missing modified code lines, missing arguments required for differing architecture; missing minor method step); 7) Minor difficulty in reproducing (e.g., installing a specialized library, converting to a different computational system); 8) Straightforward to reproduce with minimal effort.",
14,"Amelia","An empirical analysis of journal policy effectiveness for computational reproducibility","Scope: unit","paper-level",,
14,"Amelia","An empirical analysis of journal policy effectiveness for computational reproducibility","Scope: coverage","all claims",,
15,"Amelia","Coding be eR: assessing and improving the reproducibility of R-based research with containR","Classification","binary","""After removing the execution results for datasets which did not finish running within allotted hour, we found the overall success rate of the researchers’ R scripts, which, at 14.4%, was extraordinarily low (see Table 3.1.1)"" (p. 15-16)",
15,"Amelia","Coding be eR: assessing and improving the reproducibility of R-based research with containR","Scope: unit","not specified",,
15,"Amelia","Coding be eR: assessing and improving the reproducibility of R-based research with containR","Scope: coverage","not specified",,
16,"Amelia","ReproServer: making reproducibility easier and less intensive","Classification","not specified",,
16,"Amelia","ReproServer: making reproducibility easier and less intensive","Scope: unit","not specified",,
16,"Amelia","ReproServer: making reproducibility easier and less intensive","Scope: coverage","not specified",,
17,"Amelia","Transparency, reproducibility, and the credibility of economics research","Classification","not specified",,
17,"Amelia","Transparency, reproducibility, and the credibility of economics research","Scope: unit","not specified",,
17,"Amelia","Transparency, reproducibility, and the credibility of economics research","Scope: coverage","not specified",,
18,"Amelia","Reproducibility confidentiality data access","Classification","not specified",,
18,"Amelia","Reproducibility confidentiality data access","Scope: unit","not specified",,
18,"Amelia","Reproducibility confidentiality data access","Scope: coverage","not specified",,
19,"Amelia","The ReproRubric: evaluation criteria for the reproducibility of computational analyses","Classification","ordinal","Six discrete ordered Tiers: 0-Traditional, I-Reviewable, II-Confirmable, III-Computable, IV-Preservable, V-Automatically Verifiable (Fig. 2, p.3)",
19,"Amelia","The ReproRubric: evaluation criteria for the reproducibility of computational analyses","Scope: unit","paper-level","To score at a particular Tier, the research project must meet or exceed all criteria for that Tier in each Research Stage. One overall Tier per project, not per individual claim",
19,"Amelia","The ReproRubric: evaluation criteria for the reproducibility of computational analyses","Scope: coverage","not specified",,
20,"Amelia","Successes and struggles with computational reproducibility: lessons from the fragile families challenge","Classification","not specified",,
20,"Amelia","Successes and struggles with computational reproducibility: lessons from the fragile families challenge","Scope: unit","not specified",,
20,"Amelia","Successes and struggles with computational reproducibility: lessons from the fragile families challenge","Scope: coverage","not specified",,
21,"Amelia","Implementing computational reproducibility in the whole tale environment","Classification","ordinal","""These levels of assessment are defined in the report as follows:  1. Reviewable Research. The descriptions of the research  methods can be independently assessed and the results judged credible. 2. Replicable Research. Tools are made available that would  allow one to duplicate the results of the research, for example by running the authors’ code to produce the plots shown in the publication. 3. Open or Reproducible Research. Well-documented and fully  open code and data that are publicly available that would allow one to (a) fully audit the computational procedure, (b) replicate and also independently reproduce the results of the research, and (c) extend the results or apply the method to new problems."" (p. 18)",
21,"Amelia","Implementing computational reproducibility in the whole tale environment","Scope: unit","paper-level",,
21,"Amelia","Implementing computational reproducibility in the whole tale environment","Scope: coverage","not specified",,
23,"Amelia","Creating and sharing reproducible research code the workflowr way","Classification","not specified",,
23,"Amelia","Creating and sharing reproducible research code the workflowr way","Scope: unit","not specified",,
23,"Amelia","Creating and sharing reproducible research code the workflowr way","Scope: coverage","not specified",,
24,"Amelia","Computational reproducibility: the elephant in the room","Classification","not specified",,
24,"Amelia","Computational reproducibility: the elephant in the room","Scope: unit","not specified",,
24,"Amelia","Computational reproducibility: the elephant in the room","Scope: coverage","not specified",,
25,"Amelia","Toward computational reproducibility: a doctoral student's story of passing the baton","Classification","not specified",,
25,"Amelia","Toward computational reproducibility: a doctoral student's story of passing the baton","Scope: unit","not specified",,
25,"Amelia","Toward computational reproducibility: a doctoral student's story of passing the baton","Scope: coverage","not specified",,
26,"Amelia","Facilitating reproducible project management and manuscript development in team science: the projects R package","Classification","not specified",,
26,"Amelia","Facilitating reproducible project management and manuscript development in team science: the projects R package","Scope: unit","not specified",,
26,"Amelia","Facilitating reproducible project management and manuscript development in team science: the projects R package","Scope: coverage","not specified",,
27,"Amelia","Rebooting reproducibility: From re-execution to replication","Classification","not specified",,
27,"Amelia","Rebooting reproducibility: From re-execution to replication","Scope: unit","not specified",,
27,"Amelia","Rebooting reproducibility: From re-execution to replication","Scope: coverage","not specified",,
28,"Amelia","A synthetic dataset primer for the biobehavioural sciences to promote reproducibility and hypothesis generation","Classification","not specified",,
28,"Amelia","A synthetic dataset primer for the biobehavioural sciences to promote reproducibility and hypothesis generation","Scope: unit","not specified",,
28,"Amelia","A synthetic dataset primer for the biobehavioural sciences to promote reproducibility and hypothesis generation","Scope: coverage","not specified",,
29,"Amelia","Journal data policies: exploring how the understanding of editors and authors corresponds to the policies themselves","Classification","not specified",,
29,"Amelia","Journal data policies: exploring how the understanding of editors and authors corresponds to the policies themselves","Scope: unit","not specified",,
29,"Amelia","Journal data policies: exploring how the understanding of editors and authors corresponds to the policies themselves","Scope: coverage","not specified",,
30,"Amelia","Advancing computational reproducibility in the dataverse data repository platform","Classification","not specified",,
30,"Amelia","Advancing computational reproducibility in the dataverse data repository platform","Scope: unit","not specified",,
30,"Amelia","Advancing computational reproducibility in the dataverse data repository platform","Scope: coverage","not specified",,
31,"Amelia","Reproducibility, preservation, and access to research with ReproZip and ReproServer","Classification","not specified",,
31,"Amelia","Reproducibility, preservation, and access to research with ReproZip and ReproServer","Scope: unit","not specified",,
31,"Amelia","Reproducibility, preservation, and access to research with ReproZip and ReproServer","Scope: coverage","not specified",,
32,"Amelia","Beyond open data: a model for linking digital artifacts to enable reproducibility of scientific claims","Classification","not specified",,
32,"Amelia","Beyond open data: a model for linking digital artifacts to enable reproducibility of scientific claims","Scope: unit","not specified",,
32,"Amelia","Beyond open data: a model for linking digital artifacts to enable reproducibility of scientific claims","Scope: coverage","not specified",,
33,"Amelia","Documenting computing environments for reproducible experiments","Classification","binary","""Since our setup depended on generating a valid result, we downloaded, in total, about 100 repositories from GitHub and Zenodo. However, we could build and successfully execute only 29 repositories. (p. 762)""",
33,"Amelia","Documenting computing environments for reproducible experiments","Scope: unit","not specified",,
33,"Amelia","Documenting computing environments for reproducible experiments","Scope: coverage","not specified",,
34,"Amelia","Reproducibility and replicability in economics","Classification","binary","Successful/failure reproduction: 	""I classified their verbose descriptions into 'success' or 'failure' based on the extent of the replication success. Only two studies were perfectly replicated, others had some (minor) deviations, and three failed to replicate."" (p. 38)",
34,"Amelia","Reproducibility and replicability in economics","Scope: unit","paper-level",,
34,"Amelia","Reproducibility and replicability in economics","Scope: coverage","not specified",,
35,"Amelia","Trust, but verify: an investigation of methods of verification and dissemination of computational research artifacts for transparency and reproducibility","Classification","ordinal","The paper reports a 4-level ordinal typology directly derived from the seven initiatives' policies: ""Materials only... Partial reproduction... Full reproduction... Full reproduction with extension"" (§5.4.2 ""Range,"" p.107–108).",
35,"Amelia","Trust, but verify: an investigation of methods of verification and dissemination of computational research artifacts for transparency and reproducibility","Scope: unit","paper-level","Table 6.2 phrasing is uniformly paper/article-level (""reproduce the analytic results reported in the article,"" p.138). IS description separately mentions ""verify if the claims in the paper can be confirmed"" (p.138)",
35,"Amelia","Trust, but verify: an investigation of methods of verification and dissemination of computational research artifacts for transparency and reproducibility","Scope: coverage","all claims","Full reproduction = all claims (AJPS, Biostatistics, TOMS, p.108)",
36,"Amelia","A survey on collecting, managing, and analyzing provenance from scripts","Classification","not specified",,
36,"Amelia","A survey on collecting, managing, and analyzing provenance from scripts","Scope: unit","not specified",,
36,"Amelia","A survey on collecting, managing, and analyzing provenance from scripts","Scope: coverage","not specified",,
37,"Amelia","The four possibilities of reproducible scientific computations","Classification","continuum","""A computation is reproducible if it offers the four essential possibilities: (1) The possibility to inspect all the input data and all the source code that can possibly have an impact on the results; (2) The possibility to run the code on a suitable computer of one's own choice in order to verify that it indeed produces the claimed results; (3) The possibility to explore the behavior of the code, by inspecting intermediate results, by running the code with small modifications, or by subjecting it to code analysis tools; (4) The possibility to verify that published executable versions of the computation, proposed as binary files or as services, do indeed correspond to the available source code."" and ""each representing one of the possibilities expressed on a suitable scale with its estimated time evolution""",
37,"Amelia","The four possibilities of reproducible scientific computations","Scope: unit","not specified",,
37,"Amelia","The four possibilities of reproducible scientific computations","Scope: coverage","not specified",,
38,"Amelia","Ten simple rules for writing dockerfiles for reproducible data science","Classification","not specified",,
38,"Amelia","Ten simple rules for writing dockerfiles for reproducible data science","Scope: unit","not specified",,
38,"Amelia","Ten simple rules for writing dockerfiles for reproducible data science","Scope: coverage","not specified",,
39,"Amelia","How to make a pie: reproducible research for empirical economics and econometrics","Classification","not specified",,
39,"Amelia","How to make a pie: reproducible research for empirical economics and econometrics","Scope: unit","not specified",,
39,"Amelia","How to make a pie: reproducible research for empirical economics and econometrics","Scope: coverage","not specified",,
40,"Amelia","The role of containers in reproducibility","Classification","not specified",,
40,"Amelia","The role of containers in reproducibility","Scope: unit","not specified",,
40,"Amelia","The role of containers in reproducibility","Scope: coverage","not specified",,
41,"Amelia","Reproducibility in accounting research: views of the research community","Classification","not specified",,
41,"Amelia","Reproducibility in accounting research: views of the research community","Scope: unit","not specified",,
41,"Amelia","Reproducibility in accounting research: views of the research community","Scope: coverage","not specified",,
42,"Amelia","AEA data and code availability policy","Classification","not specified",,
42,"Amelia","AEA data and code availability policy","Scope: unit","not specified",,
42,"Amelia","AEA data and code availability policy","Scope: coverage","not specified",,
43,"Amelia","Dawning of a new age? Economics journals’ data policies on the test bench","Classification","not specified",,
43,"Amelia","Dawning of a new age? Economics journals’ data policies on the test bench","Scope: unit","not specified",,
43,"Amelia","Dawning of a new age? Economics journals’ data policies on the test bench","Scope: coverage","not specified",,
44,"Amelia","Active maintenance: a proposal for the long-term computational reproducibility of scientific results","Classification","ordinal","Table 1 uses four discrete categories (No errors / Resolvable errors / Errors requiring further information / Data-prep scripts not archived), p. 464, though the prose also summarizes it binarily (""13 could be reproduced... remaining seven"")",
44,"Amelia","Active maintenance: a proposal for the long-term computational reproducibility of scientific results","Scope: unit","claim-level","""For each study... attempted to run each program file and recorded any errors"" (p. 463)","It is labelled as ""study-level"" so I coded ""claim-level"". It could be also ""paper-level"" if one paper contains one study."
44,"Amelia","Active maintenance: a proposal for the long-term computational reproducibility of scientific results","Scope: coverage","not specified",,
45,"Amelia","Toward reusable science with readable code and reproducibility","Classification","binary","""The web application sends the code, data and dependency information to Cloud Build… Docker… executes them in the order specified by the user during the upload step, and records and outputs the execution result, which can be success or error."" (p. 5)",
45,"Amelia","Toward reusable science with readable code and reproducibility","Scope: unit","not specified",,
45,"Amelia","Toward reusable science with readable code and reproducibility","Scope: coverage","not specified",,
46,"Amelia","Reproducible research in R: a tutorial on how to do the same thing more than once","Classification","not specified",,
46,"Amelia","Reproducible research in R: a tutorial on how to do the same thing more than once","Scope: unit","not specified",,
46,"Amelia","Reproducible research in R: a tutorial on how to do the same thing more than once","Scope: coverage","not specified",,
47,"Amelia","The science of open (communication) science: toward an evidence-driven understanding of quality criteria in communication research","Classification","not specified",,
47,"Amelia","The science of open (communication) science: toward an evidence-driven understanding of quality criteria in communication research","Scope: unit","not specified",,
47,"Amelia","The science of open (communication) science: toward an evidence-driven understanding of quality criteria in communication research","Scope: coverage","not specified",,
48,"Amelia","Challenges of curating for reproducible and FAIR research output","Classification","not specified",,
48,"Amelia","Challenges of curating for reproducible and FAIR research output","Scope: unit","not specified",,
48,"Amelia","Challenges of curating for reproducible and FAIR research output","Scope: coverage","not specified",,
49,"Amelia","The fundamental principles of reproducibility","Classification","ordinal","""there are three degrees of reproducibility: Outcome reproducible... Analysis reproducible... Interpretation reproducible"" (p. 10–11) or in detail: Outcome reproducible: The outcome of the reproducibility experiment is the same as  the outcome produced by the original experiment. When the outcome is the same, the same analysis and interpretation can be made, which leads to the same result and hence the hypothesis is supported by both experiments. The experiment is outcome reproducible. Analysis reproducible: The outcome of the reproducibility experiment does not have to be  the same as the outcome produced by the original experiment, but as long as the same analysis can be made and it leads to the same interpretation, the experiment is analysis reproducible. Interpretation reproducible: Neither the outcome nor the analysis need to be the same as long  as the interpretation of the analysis leads to the same conclusion. In this case, the experiment is interpretation reproducible.",
49,"Amelia","The fundamental principles of reproducibility","Scope: unit","not specified",,
49,"Amelia","The fundamental principles of reproducibility","Scope: coverage","not specified",,
50,"Amelia","Fixing dependency errors for python build reproducibility","Classification","binary","""Unreproducible Build: A build whose current build outcome differs from its original build outcome. For example, a failed build that currently terminates due to an error different from the error of the original build, or a passed build that is currently failing. Both failed and passed builds are considered unreproducible if associated tests have different results from the original logs."" (p. 442, Sec. 2.3)",
50,"Amelia","Fixing dependency errors for python build reproducibility","Scope: unit","not specified",,
50,"Amelia","Fixing dependency errors for python build reproducibility","Scope: coverage","not specified",,
51,"Amelia","A reproducible data analysis workflow with R Markdown, Git, Make, and Docker","Classification","not specified",,
51,"Amelia","A reproducible data analysis workflow with R Markdown, Git, Make, and Docker","Scope: unit","not specified",,
51,"Amelia","A reproducible data analysis workflow with R Markdown, Git, Make, and Docker","Scope: coverage","not specified",,
52,"Amelia","CODECHECK: an open science initiative for the independent execution of computations underlying research articles during peer review to improve reproducibility","Classification","binary","""CODE WORKS ✓"" badge (p. 4–5)",
52,"Amelia","CODECHECK: an open science initiative for the independent execution of computations underlying research articles during peer review to improve reproducibility","Scope: unit","claim-level","Certificate manifest lists individual outputs matched to specific manuscript figures/tables (Figure 4D, p. 10)","with paper-level aggregation"
52,"Amelia","CODECHECK: an open science initiative for the independent execution of computations underlying research articles during peer review to improve reproducibility","Scope: coverage","not specified",,
53,"Amelia","Science capsule: towards sharing and reproducibility of scientific workflows","Classification","not specified",,
53,"Amelia","Science capsule: towards sharing and reproducibility of scientific workflows","Scope: unit","not specified",,
53,"Amelia","Science capsule: towards sharing and reproducibility of scientific workflows","Scope: coverage","not specified",,
54,"Amelia","WORCS: a workflow for open reproducible code in science","Classification","binary","Either or not the replication package get a badge",
54,"Amelia","WORCS: a workflow for open reproducible code in science","Scope: unit","not specified",,
54,"Amelia","WORCS: a workflow for open reproducible code in science","Scope: coverage","not specified",,
55,"Amelia","Computational reproducibility: a practical framework for data curators","Classification","not specified",,
55,"Amelia","Computational reproducibility: a practical framework for data curators","Scope: unit","not specified",,
55,"Amelia","Computational reproducibility: a practical framework for data curators","Scope: coverage","not specified",,
56,"Amelia","Reproducibility badging and definitions","Classification","binary","Getting a reproducibility badge or not",
56,"Amelia","Reproducibility badging and definitions","Scope: unit","not specified",,
56,"Amelia","Reproducibility badging and definitions","Scope: coverage","not specified",,
57,"Amelia","Principles for data analysis workflows","Classification","not specified",,
57,"Amelia","Principles for data analysis workflows","Scope: unit","not specified",,
57,"Amelia","Principles for data analysis workflows","Scope: coverage","not specified",,
58,"Amelia","Improving research quality: the view from the UK reproducibility network institutional leads for research improvement","Classification","not specified",,
58,"Amelia","Improving research quality: the view from the UK reproducibility network institutional leads for research improvement","Scope: unit","not specified",,
58,"Amelia","Improving research quality: the view from the UK reproducibility network institutional leads for research improvement","Scope: coverage","not specified",,
59,"Amelia","Understanding experiments and research practices for reproducibility: an exploratory study","Classification","not specified",,
59,"Amelia","Understanding experiments and research practices for reproducibility: an exploratory study","Scope: unit","not specified",,
59,"Amelia","Understanding experiments and research practices for reproducibility: an exploratory study","Scope: coverage","not specified",,
60,"Amelia","Reproducibility in the social sciences","Classification","not specified",,
60,"Amelia","Reproducibility in the social sciences","Scope: unit","not specified",,
60,"Amelia","Reproducibility in the social sciences","Scope: coverage","not specified",,
61,"Amelia","A collaborative semantic-based provenance management platform for reproducibility","Classification","not specified",,
61,"Amelia","A collaborative semantic-based provenance management platform for reproducibility","Scope: unit","not specified",,
61,"Amelia","A collaborative semantic-based provenance management platform for reproducibility","Scope: coverage","not specified",,
62,"Amelia","Containerization for creating reusable model code","Classification","not specified",,
62,"Amelia","Containerization for creating reusable model code","Scope: unit","not specified",,
62,"Amelia","Containerization for creating reusable model code","Scope: coverage","not specified",,
63,"Amelia","Toward practical transparent verifiable and long-term reproducible research using guix","Classification","not specified",,
63,"Amelia","Toward practical transparent verifiable and long-term reproducible research using guix","Scope: unit","not specified",,
63,"Amelia","Toward practical transparent verifiable and long-term reproducible research using guix","Scope: coverage","not specified",,
64,"Amelia","Reproducibility signals in science: a preliminary analysis","Classification","not specified",,"No operationalization of reproducibility success/failure found in this paper (paper is coded in Part_B2)."
64,"Amelia","Reproducibility signals in science: a preliminary analysis","Scope: unit","not specified",,
64,"Amelia","Reproducibility signals in science: a preliminary analysis","Scope: coverage","not specified",,
65,"Amelia","Long-term availability of data associated with articles in PLOS ONE","Classification","not specified",,
65,"Amelia","Long-term availability of data associated with articles in PLOS ONE","Scope: unit","not specified",,
65,"Amelia","Long-term availability of data associated with articles in PLOS ONE","Scope: coverage","not specified",,
66,"Amelia","Reproducible research publication workflow: a canonical workflow framework and FAIR digital object approach to quality research output","Classification","not specified",,
66,"Amelia","Reproducible research publication workflow: a canonical workflow framework and FAIR digital object approach to quality research output","Scope: unit","not specified",,
66,"Amelia","Reproducible research publication workflow: a canonical workflow framework and FAIR digital object approach to quality research output","Scope: coverage","not specified",,
67,"Amelia","Tools and recommendations for reproducible teaching","Classification","not specified",,
67,"Amelia","Tools and recommendations for reproducible teaching","Scope: unit","not specified",,
67,"Amelia","Tools and recommendations for reproducible teaching","Scope: coverage","not specified",,
69,"Amelia","The interdependence of data producers and data users: how researchers’ behaviors can support or hinder each other","Classification","not specified",,
69,"Amelia","The interdependence of data producers and data users: how researchers’ behaviors can support or hinder each other","Scope: unit","not specified",,
69,"Amelia","The interdependence of data producers and data users: how researchers’ behaviors can support or hinder each other","Scope: coverage","not specified",,
70,"Amelia","The Stark realities of reproducible statistically orientated sociological research: Some newer rules of the sociological method","Classification","binary","""a sociological analysis can be described as being 'duplicated' when a third party that is unconnected with the original analysis can produce results that are identical (e.g. they match published results)"" (p.208)",
70,"Amelia","The Stark realities of reproducible statistically orientated sociological research: Some newer rules of the sociological method","Scope: unit","not specified",,
70,"Amelia","The Stark realities of reproducible statistically orientated sociological research: Some newer rules of the sociological method","Scope: coverage","not specified",,
71,"Amelia","Teaching for Large-Scale Reproducibility Verification","Classification","not specified",,
71,"Amelia","Teaching for Large-Scale Reproducibility Verification","Scope: unit","not specified",,
71,"Amelia","Teaching for Large-Scale Reproducibility Verification","Scope: coverage","not specified",,
72,"Amelia","Care to share? Experimental evidence on code sharing behavior in the social sciences","Classification","not specified",,
72,"Amelia","Care to share? Experimental evidence on code sharing behavior in the social sciences","Scope: unit","not specified",,
72,"Amelia","Care to share? Experimental evidence on code sharing behavior in the social sciences","Scope: coverage","not specified",,
73,"Amelia","A backend platform for supporting the reproducibility of computational experiments","Classification","not specified",,
73,"Amelia","A backend platform for supporting the reproducibility of computational experiments","Scope: unit","not specified",,
73,"Amelia","A backend platform for supporting the reproducibility of computational experiments","Scope: coverage","not specified",,
74,"Amelia","Reproducibility as a service","Classification","not specified",,
74,"Amelia","Reproducibility as a service","Scope: unit","not specified",,
74,"Amelia","Reproducibility as a service","Scope: coverage","not specified",,
75,"Amelia","Reinforcing reproducibility and replicability: an introduction","Classification","not specified",,
75,"Amelia","Reinforcing reproducibility and replicability: an introduction","Scope: unit","not specified",,
75,"Amelia","Reinforcing reproducibility and replicability: an introduction","Scope: coverage","not specified",,
76,"Amelia","Making provenance work for you","Classification","not specified",,
76,"Amelia","Making provenance work for you","Scope: unit","not specified",,
76,"Amelia","Making provenance work for you","Scope: coverage","not specified",,
77,"Amelia","Report of the AEA data editor","Classification","ordinal","""Accept / Accept with changes / Conditional accept / Revise and resubmit"" (Table 1, p.851)",
77,"Amelia","Report of the AEA data editor","Scope: unit","paper-level","Statistics reported per manuscript throughout (Tables 1–3), e.g. ""500 requests, for 429 manuscripts"" (p.850)",
77,"Amelia","Report of the AEA data editor","Scope: coverage","not specified",,
78,"Amelia","CRRESS - session 4 - reproducibility and confidential data","Classification","not specified",,
78,"Amelia","CRRESS - session 4 - reproducibility and confidential data","Scope: unit","not specified",,
78,"Amelia","CRRESS - session 4 - reproducibility and confidential data","Scope: coverage","not specified",,
80,"Amelia","Replication of the morning after: report from the nottingham replication games","Classification","not specified",,
80,"Amelia","Replication of the morning after: report from the nottingham replication games","Scope: unit","not specified",,
80,"Amelia","Replication of the morning after: report from the nottingham replication games","Scope: coverage","not specified",,
81,"Amelia","statacons: An SCons-based build tool for Stata","Classification","not specified",,
81,"Amelia","statacons: An SCons-based build tool for Stata","Scope: unit","not specified",,
81,"Amelia","statacons: An SCons-based build tool for Stata","Scope: coverage","not specified",,
82,"Amelia","Supporting reproducible research","Classification","not specified",,
82,"Amelia","Supporting reproducible research","Scope: unit","not specified",,
82,"Amelia","Supporting reproducible research","Scope: coverage","not specified",,
83,"Amelia","Reproducibility and transparency versus privacy and confidentiality: Reflections from a data editor","Classification","ordinal","Reproduced / Partial / No — ""Random pull of data"" table",
83,"Amelia","Reproducibility and transparency versus privacy and confidentiality: Reflections from a data editor","Scope: unit","paper-level",,
83,"Amelia","Reproducibility and transparency versus privacy and confidentiality: Reflections from a data editor","Scope: coverage","not specified",,
84,"Amelia","Replications in agricultural economics","Classification","not specified",,
84,"Amelia","Replications in agricultural economics","Scope: unit","not specified",,
84,"Amelia","Replications in agricultural economics","Scope: coverage","not specified",,
85,"Amelia","The Role of Third-Party Verification in Research Reproducibility","Classification","binary","""Finally, the report is sent to the (data) editor of the journal, who is the one deciding on whether the verification is successful (i.e., the paper can be published) or unsuccessful (i.e., the paper needs to undergo an additional round of verifications)."" (p. 4)",
85,"Amelia","The Role of Third-Party Verification in Research Reproducibility","Scope: unit","paper-level","""the verifier starts by checking whether the submitted material (all code, data, readme file, manuscript) complies with a set of guidelines."" (p. 3)",
85,"Amelia","The Role of Third-Party Verification in Research Reproducibility","Scope: coverage","all claims","""Specifically, the verifier compares the numerical values of all original and regenerated parameters presented in tables, as well as the level, shapes, and positions of all curves or data points depicted in figures."" (p. 3-4)",
86,"Amelia","What makes computational communication science (ir)reproducible?","Classification","ordinal","""In the protocol, we define the following events as failures to reproduce the analyses: (1) No shared code, (2) No shared data, (3) Code execution failure, despite code rewrite, (4) Technically executable, but results with major deviations."" (p.6)",
86,"Amelia","What makes computational communication science (ir)reproducible?","Scope: unit","paper-level","""Among the 14 articles we were able to evaluate, we confirmed that Articles H (with major code rewrite), E (with minor code rewrite) and M (with no code rewrite) are essentially reproducible. Articles B (with major code rewrite) and N (with minor code rewrite) are largely reproducible"" (p. 10)",
86,"Amelia","What makes computational communication science (ir)reproducible?","Scope: coverage","all claims","""Our decision was to run the code beyond the main analysis anyway (if it is available)."" (p. 10, footnote)",
86,"Amelia","What makes computational communication science (ir)reproducible?","Statistical criterion",,"Deviations coded on a threshold: decimal-level/typographical differences = ""minor"" (does not count as failure); any deviation beyond decimals = ""major"" (counts as reproduction failure, Criterion 4); an additional ""uncheckable/unknown"" category exists for cases where deviation cannot be assessed (p. 9-10)",
87,"Amelia","Measuring transparency in the social sciences: political science and international relations","Classification","not specified",,
87,"Amelia","Measuring transparency in the social sciences: political science and international relations","Scope: unit","not specified",,
87,"Amelia","Measuring transparency in the social sciences: political science and international relations","Scope: coverage","not specified",,
88,"Amelia","Reproducibility in Management Science","Classification","ordinal","""Fully reproduced"" / ""'Largely reproduced, with minor issues' means small differences... conclusions and learnings stay the same"" / ""'Largely not reproduced, with major issues' means... could not be used to support the conclusions"" / ""'Not reproduced' means... cannot support the conclusions... because output is different, or... cannot be produced at all"" (p. 1348–1349)",
88,"Amelia","Reproducibility in Management Science","Scope: unit","paper-level","""we asked reviewers for an overall assessment of their reproduction attempt"" (p. 1348); aggregation rule described in §2.3 (p. 1348)",
88,"Amelia","Reproducibility in Management Science","Scope: coverage","all claims","""individual reproducibility assessment of all results tables and figures and other results reported in the manuscript"" (p. 1347)",
89,"Amelia","Computational reproducibility in computational social science","Classification","ordinal","Three ordered tiers: 1°CR < 2°CR < 3°CR, defined by agent × materials-restrictiveness (Table 2, p.4).",
89,"Amelia","Computational reproducibility in computational social science","Scope: unit","not specified",,
89,"Amelia","Computational reproducibility in computational social science","Scope: coverage","not specified",,
90,"Amelia","A guide for social science journal editors on easing into open science","Classification","not specified",,
90,"Amelia","A guide for social science journal editors on easing into open science","Scope: unit","not specified",,
90,"Amelia","A guide for social science journal editors on easing into open science","Scope: coverage","not specified",,
91,"Amelia","CORE-bench: fostering the credibility of published research through a computational reproducibility agent benchmark","Classification","binary","""a task is marked as correct only if all of the task questions are answered correctly"" (p. 6)",
91,"Amelia","CORE-bench: fostering the credibility of published research through a computational reproducibility agent benchmark","Scope: unit","claim-level","""We determine if an agent correctly solves a task if the agent's reported results for all questions fall within a 95% prediction interval for every task question..."" (p. 7)",
91,"Amelia","CORE-bench: fostering the credibility of published research through a computational reproducibility agent benchmark","Scope: coverage","all claims",,
91,"Amelia","CORE-bench: fostering the credibility of published research through a computational reproducibility agent benchmark","Statistical criterion","Agent's numeric/text answer must fall within a 95% prediction interval derived from three independent manual reproductions of the capsule; accounts for stochastic outputs (17/181 questions are stochastic) (p. 7)",,
92,"Amelia","Audio-as-data tools: replicating computational data processing","Classification","not specified",,
92,"Amelia","Audio-as-data tools: replicating computational data processing","Scope: unit","not specified",,
92,"Amelia","Audio-as-data tools: replicating computational data processing","Scope: coverage","not specified",,
93,"Amelia","Unintended code errors and computational reproducibility","Classification","binary","""a study is coded as having an issue with computational reproducibility if we observe in the 'author report' any issue with code execution or output inconsistency"" (Methodology, p.~3) — issue/no-issue, not graded.",
93,"Amelia","Unintended code errors and computational reproducibility","Scope: unit","paper-level","""a study is coded as having an issue with computational reproducibility if we observe in the 'author report' any issue with code execution or output inconsistency"" (Methodology, p.~3) — issue/no-issue, not graded.",
93,"Amelia","Unintended code errors and computational reproducibility","Scope: coverage","all claims","Coders examined the full author report per study, covering all figures/tables/in-text results, both main text and supplementary materials (Table 1 breakdown, p.~5).",
94,"Amelia","Navigating the landscape of reproducible research: a predictive modeling approach","Classification","ordinal","""This framework categorizes papers into the following units Ei on the spectrum: ENR; EAR; ERE; ER"" (p. 4)",
94,"Amelia","Navigating the landscape of reproducible research: a predictive modeling approach","Scope: unit","paper-level","""The external-agent framework presents the reproducibility evaluation status of a paper based on the information available for an independent team to assess and validate the original study’s findings."" (p. 4)","This is only one part of the framework proposed by the author"
94,"Amelia","Navigating the landscape of reproducible research: a predictive modeling approach","Scope: coverage","not specified",,
95,"Amelia","Computational reproducibility in finance: evidence from 1,000 tests","Classification","binary","""a binary variable, contrasting full reproducibility (score of 100) with no/partial reproducibility (score lower than 100)"" (p. 3579)",
95,"Amelia","Computational reproducibility in finance: evidence from 1,000 tests","Scope: unit","claim-level","Score assigned per team per research question (1,008 total findings), p. 3567",
95,"Amelia","Computational reproducibility in finance: evidence from 1,000 tests","Scope: coverage","all claims","All 6 RQs per team scored; flagged above as researcher-assigned rather than paper-native claims",
95,"Amelia","Computational reproducibility in finance: evidence from 1,000 tests","Statistical criterion","Difference ≤10% of original = small; >10% = large; used to derive the 0/25/50/75/100 score, collapsed to full-vs-not for this operationalization","Table 2, p. 3568",
95,"Amelia","Computational reproducibility in finance: evidence from 1,000 tests","Classification","ordinal","The authors explicitly call it ""an ordinal variable with five levels (0, 25, 50, 75, and 100)"" (p. 3579)",
95,"Amelia","Computational reproducibility in finance: evidence from 1,000 tests","Scope: unit","claim-level","Score assigned per team per research question (1,008 total findings), p. 3567",
95,"Amelia","Computational reproducibility in finance: evidence from 1,000 tests","Scope: coverage","all claims","All 6 RQs per team scored; flagged above as researcher-assigned rather than paper-native claims",
95,"Amelia","Computational reproducibility in finance: evidence from 1,000 tests","Statistical criterion","Same ≤10%/>10% threshold, mapped to 5-level score per Table 2",,
96,"Amelia","Evaluating tools for enhancing reproducibility in computational scientific experiments","Classification","binary","""he labels are “Yes”, “No” and “-”, meaning “we could reproduce”, “we could not reproduce” and “the platform does not support this type of experiment”, respectively."" (p. 47)",
96,"Amelia","Evaluating tools for enhancing reproducibility in computational scientific experiments","Scope: unit","not specified",,
96,"Amelia","Evaluating tools for enhancing reproducibility in computational scientific experiments","Scope: coverage","not specified",,
97,"Amelia","Why and how we share reproducible research at yale university’s institution for social and policy studies","Classification","not specified",,
97,"Amelia","Why and how we share reproducible research at yale university’s institution for social and policy studies","Scope: unit","not specified",,
97,"Amelia","Why and how we share reproducible research at yale university’s institution for social and policy studies","Scope: coverage","not specified",,
98,"Amelia","Mass reproducibility and replicability: a new hope","Classification","continuum","""We rely on the Social Science Reproduction Platform (SSRP)'s 10-point scale... a rating of 1 signifies the incapacity to reproduce results due to the absence of data or code, while a rating of 10 indicates the capability to faithfully reproduce results from the raw data... to the final numerical results."" (p. 20); full level text in Appendix A.3 (pp. 57–58)",
98,"Amelia","Mass reproducibility and replicability: a new hope","Scope: unit","paper-level","""the assessment is made at the journal article level using responses from the team survey."" (p. 57)",
98,"Amelia","Mass reproducibility and replicability: a new hope","Scope: coverage","only focal or primary claims","""Their focus for computational reproducibility is only for the claims that they have investigated rather than all exhibits in the article."" (p. 20); ""Our project involves mass reproducing and replicating the main claims from studies published..."" (p. 5)",
99,"Amelia","Introducing reproducible research standards at the world bank","Classification","not specified",,
99,"Amelia","Introducing reproducible research standards at the world bank","Scope: unit","not specified",,
99,"Amelia","Introducing reproducible research standards at the world bank","Scope: coverage","not specified",,
100,"Amelia","Computational and robustness reproducibility of ""UN peacekeeping and democratization in conflict-affected countries""","Classification","ordinal","Fully, partially, and not reproducible (Table, p. 13)","applied separately to two tracks: from raw data and from analysis data"
100,"Amelia","Computational and robustness reproducibility of ""UN peacekeeping and democratization in conflict-affected countries""","Scope: unit","claim-level","""In terms of reproducibility, we successfully reproduced all regression tables in the paper (Tables 2 through 9) using their codes in Stata and could not detect any coding errors in the data manipulation part."" (p. 3)",
100,"Amelia","Computational and robustness reproducibility of ""UN peacekeeping and democratization in conflict-affected countries""","Scope: coverage","all claims","""In terms of reproducibility, we successfully reproduced all regression tables in the paper (Tables 2 through 9) using their codes in Stata and could not detect any coding errors in the data manipulation part."" (p. 3)",
101,"Amelia","Replicability of simulation studies for the investigation of statistical methods: the RepliSims project","Classification","not specified",,
101,"Amelia","Replicability of simulation studies for the investigation of statistical methods: the RepliSims project","Scope: unit","not specified",,
101,"Amelia","Replicability of simulation studies for the investigation of statistical methods: the RepliSims project","Scope: coverage","not specified",,
102,"Amelia","In-Class Data Analysis Replications: Teaching Students While Testing Science","Classification","ordinal","""we considered these outcomes as ordinal variables (1: the analysis replicated exactly, 2: ... qualitatively, 3: ... did not replicate at all)"" (Appendix B)",
102,"Amelia","In-Class Data Analysis Replications: Teaching Students While Testing Science","Scope: unit","claim-level","""We specified two figures or tables to replicate, a basic one... and an advanced one"" (p. 8) — assessment is per figure/table, not per paper.",
102,"Amelia","In-Class Data Analysis Replications: Teaching Students While Testing Science","Scope: coverage","fixed number of claims","Fixed at 2 claims (one basic, one advanced figure/table) per assigned paper.",
102,"Amelia","In-Class Data Analysis Replications: Teaching Students While Testing Science","Statistical criterion","""Exact"" = results ""agreed exactly with the paper, up to the decimals printed in the paper or shown in the figures""; ""Qualitative"" = ""small differences... but still agreed with the abstract-level findings""; ""Not at all"" = ""results that were in conflict with the abstract-level findings"" (Appendix B, Preregistered analysis plan: Replication outcomes).",,
103,"Amelia","The Challenges of Replicating Volatile Platform-Data Studies: Replicating Schatto-Eckrodt et al. (2020)","Classification","binary","""We viewed a reproduction as 'successful' when we could reproduce the original result quantitatively... We chose the exact quantitative agreement of results, as it is the strictest criterion for assessing reproduction success."" (p. 4)",
103,"Amelia","The Challenges of Replicating Volatile Platform-Data Studies: Replicating Schatto-Eckrodt et al. (2020)","Scope: unit","claim-level","""we identified 26 empirical claims in the original paper overall, including text passages, figures, and tables. We successfully reproduced 23, an 88.46% reproduction success rate."" (p. 5)",
103,"Amelia","The Challenges of Replicating Volatile Platform-Data Studies: Replicating Schatto-Eckrodt et al. (2020)","Scope: coverage","all claims","""cataloging all critical empirical claims... from Schatto‑Eckrodt et al."" (p. 4); ""26 empirical claims in the original paper overall"" (p. 5). Flag: ""critical"" could imply a filtered subset rather than literally all claims — your judgment call.",
103,"Amelia","The Challenges of Replicating Volatile Platform-Data Studies: Replicating Schatto-Eckrodt et al. (2020)","Statistical criterion","margin of error, and congruence of statistical measures (coefficient signs/CIs/hypothesis decisions (p. 4)",,
104,"Amelia","Reproduce to validate: a comprehensive study on the reproducibility of economics research","Classification","ordinal","""68 of 180 reproduction attempts fully reproduced the article’s analysis (37.8%). A further 66 (36.7%) were at least partially successful. The dominant reason for unsuccessful reproductions is the absence of confidential or proprietary data."" (p. 975)",
104,"Amelia","Reproduce to validate: a comprehensive study on the reproducibility of economics research","Scope: unit","paper-level",,
104,"Amelia","Reproduce to validate: a comprehensive study on the reproducibility of economics research","Scope: coverage","all claims",,
104,"Amelia","Reproduce to validate: a comprehensive study on the reproducibility of economics research","Statistical criterion","""Fully reproducible"" = all numbers/figures match up to minor rounding; ""partially reproducible"" = differences beyond rounding for some tables, but results qualitatively similar or main results hold while secondary/robustness results differ (p.973–974)",,
105,"Amelia","Promoting reproducibility and replicability in political science","Classification","not specified",,
105,"Amelia","Promoting reproducibility and replicability in political science","Scope: unit","not specified",,
105,"Amelia","Promoting reproducibility and replicability in political science","Scope: coverage","not specified",,
106,"Amelia","The data availability policies of political science journals","Classification","not specified",,
106,"Amelia","The data availability policies of political science journals","Scope: unit","not specified",,
106,"Amelia","The data availability policies of political science journals","Scope: coverage","not specified",,
107,"Amelia","Teaching constructive replications in the behavioral and social sciences using quantitative data","Classification","not specified",,
107,"Amelia","Teaching constructive replications in the behavioral and social sciences using quantitative data","Scope: unit","claim-level",,
107,"Amelia","Teaching constructive replications in the behavioral and social sciences using quantitative data","Scope: coverage","only focal or primary claims","""When evaluating inconsistencies in coding and analyses, students can focus on whether the direction, strength, and statistical significance of the focal effects are consistent with the findings of the original study."" (p. 120)",
108,"Amelia","Checklists for computational reproducibility in social sciences: insights from literature and survey evaluation","Classification","not specified",,
108,"Amelia","Checklists for computational reproducibility in social sciences: insights from literature and survey evaluation","Scope: unit","not specified",,
108,"Amelia","Checklists for computational reproducibility in social sciences: insights from literature and survey evaluation","Scope: coverage","not specified",,
109,"Amelia","A protocol for structured robustness reproductions and replicability assessments","Classification","ordinal","""When reporting the results, replicators categorize findings based on whether they are fully, partially, or non-reproducible, from both raw data and from analysis data."" (p. 3)","applied separately to two tracks: from raw data and from analysis data"
109,"Amelia","A protocol for structured robustness reproductions and replicability assessments","Scope: unit","paper-level","""The decisive criterion for a study to be computationally reproducible is whether the results obtained via re-running the original code match those presented in the paper."" (p. 4)",
109,"Amelia","A protocol for structured robustness reproductions and replicability assessments","Scope: coverage","only focal or primary claims","""A crucial step at the beginning of the robustness reproduction is to identify the main outcomes of the original paper. This is done by dissecting the abstract into claims and tracking down the corresponding coefficient for each claim within the paper."" (p. 4); and ""The main outcomes are those that are mentioned most prominently in the abstract (note: both statistically significant and null-results qualify)"" (Appendix, p. 11)",
110,"Amelia","Data and code availability in political science publications from 1995 to 2022","Classification","not specified",,
110,"Amelia","Data and code availability in political science publications from 1995 to 2022","Scope: unit","not specified",,
110,"Amelia","Data and code availability in political science publications from 1995 to 2022","Scope: coverage","not specified",,
112,"Amelia","REPRO-bench: can agentic AI systems assess the reproducibility of social science research?","Classification","ordinal","""a scale from 1 to 4, where different scores account for varying levels of consistency..."" (p.23620)",
112,"Amelia","REPRO-bench: can agentic AI systems assess the reproducibility of social science research?","Scope: unit","paper-level","Single reproducibility_score entry per task/paper (p.23621)",
112,"Amelia","REPRO-bench: can agentic AI systems assess the reproducibility of social science research?","Scope: coverage","only focal or primary claims","""the major findings of each paper as a list of all the items... reproduced in the corresponding reproduction report""; avg. 5 major findings/paper (p.23619, p.23621)",
113,"Amelia","Let’s talk about it: making scientific computational reproducibility easier","Classification","not specified",,
113,"Amelia","Let’s talk about it: making scientific computational reproducibility easier","Scope: unit","not specified",,
113,"Amelia","Let’s talk about it: making scientific computational reproducibility easier","Scope: coverage","not specified",,
114,"Amelia","SciConv: a conversational tool for reproducibility","Classification","not specified",,
114,"Amelia","SciConv: a conversational tool for reproducibility","Scope: unit","not specified",,
114,"Amelia","SciConv: a conversational tool for reproducibility","Scope: coverage","not specified",,
115,"Amelia","Similarity-based assessment of computational reproducibility in jupyter notebooks","Classification","continuum","""The quantitative evaluation of SRI leverages similarity metrics to compare two notebook cell outputs to generate a reproducibility score in the range [0, 1]."" (p. 2)",
115,"Amelia","Similarity-based assessment of computational reproducibility in jupyter notebooks","Scope: unit","claim-level","""After that, we apply different methods to the outputs based on this data type information."" (p. 3)","The unit to be checked are outputs of Jupyter Notebook, which can be int, float, list/tuple, set, dict, str, NumPy, Pandas Dataframe, image, and Miscellaneous."
115,"Amelia","Similarity-based assessment of computational reproducibility in jupyter notebooks","Scope: coverage","not specified",,
116,"Amelia","AutoReproduce: automatic AI experiment reproduction with paper lineage","Classification","continuum","Align-Score: LLM-judge (default o1) rates 5 key points 0–20 each (Paper-Level), or rates Overall Structure/Model Details/Training Details/Experimental Integrity 0–25 each (Code-Level), or a blended version (Mixed-Level); summed to /100",
116,"Amelia","AutoReproduce: automatic AI experiment reproduction with paper lineage","Scope: unit","paper-level",,
116,"Amelia","AutoReproduce: automatic AI experiment reproduction with paper lineage","Scope: coverage","only focal or primary claims",,
117,"Amelia","Computational reproducibility of R code supplements on OSF","Classification","binary","""we executed the R scripts within custom Docker containers and found that 25.87% completed successfully without error""",
117,"Amelia","Computational reproducibility of R code supplements on OSF","Scope: unit","claim-level",,"actually ""script-level"" but I think it is equivalent to ""claim-level"""
117,"Amelia","Computational reproducibility of R code supplements on OSF","Scope: coverage","all claims",,
117,"Amelia","Computational reproducibility of R code supplements on OSF","Classification","ordinal","""40 projects... in which all scripts executed without failure, indicating full project-level reproducibility. The other 68 successful scripts were from 34 projects... that also included at least one failed script, reflecting partial reproducibility. The remaining 175 projects... had no successfully executed scripts.""",
117,"Amelia","Computational reproducibility of R code supplements on OSF","Scope: unit","paper-level",,"actually ""project-level"" but I think it is equivalent to ""paper-level"""
117,"Amelia","Computational reproducibility of R code supplements on OSF","Scope: coverage","all claims",,
118,"Amelia","Tooling for reproducible research: considerations for the past and future of data analysis","Classification","not specified",,
118,"Amelia","Tooling for reproducible research: considerations for the past and future of data analysis","Scope: unit","not specified",,
118,"Amelia","Tooling for reproducible research: considerations for the past and future of data analysis","Scope: coverage","not specified",,
119,"Amelia","“Works on my machine”: a case study of replicability challenges inComputational humanities research","Classification","binary","""A project's dependencies were marked as reproducible only if the versions of all declared dependencies were explicitly and unambiguously specified... Even a single undeclared version... was sufficient for the project to be marked as non-reproducible."" (p. 145)",
119,"Amelia","“Works on my machine”: a case study of replicability challenges inComputational humanities research","Scope: unit","paper-level","""Of the 33 projects with available source code, only seven (about 20%) specified all dependencies with clearly defined version constraints and were thus classified as having reproducible dependency specifications."" (p. 145)",
119,"Amelia","“Works on my machine”: a case study of replicability challenges inComputational humanities research","Scope: coverage","not specified",,
120,"Amelia","Reproducibility spectrum for applied social sciences: conceptual taxonomy and recommended tools","Classification","not specified",,
120,"Amelia","Reproducibility spectrum for applied social sciences: conceptual taxonomy and recommended tools","Scope: unit","not specified",,
120,"Amelia","Reproducibility spectrum for applied social sciences: conceptual taxonomy and recommended tools","Scope: coverage","not specified",,
121,"Amelia","Statistical perspectives on reproducibility: definitions and challenges","Classification","ordinal","""On the lower end of the spectrum is limited code sharing, in the middle section of the spectrum is sharing code and data, and on the upper end of the spectrum is sharing a single file containing both data and code that can execute the full analysis of the data... this upper end of the spectrum means full replication, which is the gold standard for reproducibility"" (p. 6, describing Peng [119])",
121,"Amelia","Statistical perspectives on reproducibility: definitions and challenges","Scope: unit","not specified",,
121,"Amelia","Statistical perspectives on reproducibility: definitions and challenges","Scope: coverage","not specified",,
122,"Amelia","AIRepr: an analyst-inspector framework for evaluating reproducibility of LLMs in data science","Classification","binary","reproducible ""if and only if CA ≡ CI"" — R=0/1 used throughout Tables 6–14.",
122,"Amelia","AIRepr: an analyst-inspector framework for evaluating reproducibility of LLMs in data science","Scope: unit","claim-level","Each individual QA task/analysis solution gets its own R assessment — analogous to claim-level, not whole-paper.","Codebook's ""claim"" language assumes a published paper; here the unit is one LLM-generated analysis task."
122,"Amelia","AIRepr: an analyst-inspector framework for evaluating reproducibility of LLMs in data science","Scope: coverage","all claims","All 1,032 tasks across all LLM/prompt combinations are evaluated — no sampling or cap.",
122,"Amelia","AIRepr: an analyst-inspector framework for evaluating reproducibility of LLMs in data science","Statistical criterion","""Functional equivalence"": outcomes derived from independent code execution must be consistent (""the outcomes derived from their deterministic code execution... are consistent, even if CA and CI differ textually"", p.10173), operationalized via automated GPT-4o comparison scored 0/1 (Appendix Table 22: ""If the output of the two code snippets provide the same values for the same statistics and lead to the same conclusion to the question, please score 1. Otherwise, score 0."")",,
123,"Amelia","Why computational reproducibility matters","Classification","not specified",,
123,"Amelia","Why computational reproducibility matters","Scope: unit","not specified",,
123,"Amelia","Why computational reproducibility matters","Scope: coverage","not specified",,
124,"Amelia","Perceived problems, causes, and solutions of finance research reproducibility and replicability: a pre-registered report","Classification","not specified",,
124,"Amelia","Perceived problems, causes, and solutions of finance research reproducibility and replicability: a pre-registered report","Scope: unit","not specified",,
124,"Amelia","Perceived problems, causes, and solutions of finance research reproducibility and replicability: a pre-registered report","Scope: coverage","not specified",,
125,"Amelia","A report on ""corruption and Co-optation in autocracy: evidence from Russia""","Classification","ordinal","Reproducible from raw data, reproducible from analysis data (not reproducible, implied) p. 5",
125,"Amelia","A report on ""corruption and Co-optation in autocracy: evidence from Russia""","Scope: unit","paper-level","""After making these modifications, we were able to successfully reproduce all main results in the article"" (p.6)",
125,"Amelia","A report on ""corruption and Co-optation in autocracy: evidence from Russia""","Scope: coverage","all claims","""After making these modifications, we were able to successfully reproduce all main results in the article"" (p.6)",
126,"Amelia","Automated Reproducibility Testing in R Markdown","Classification","binary","p. 4: ""Identicality of the original and regenerated results is checked with the all.equal() function"" and p. 8: ""the current approach relies on testing whether results are exactly reproducible""",
126,"Amelia","Automated Reproducibility Testing in R Markdown","Scope: unit","not specified",,
126,"Amelia","Automated Reproducibility Testing in R Markdown","Scope: coverage","not specified",,
127,"Amelia","A framework for evaluating reproducibility and replicability in economics","Classification","binary","""For computational reproducibility the perhaps most natural indicator is to measure (yes/no) if all the results can be exactly reproduced in the paper or not, as the goal of for instance a journal Data Editor is to ensure this."" (p. 344)",
127,"Amelia","A framework for evaluating reproducibility and replicability in economics","Scope: unit","paper-level","""For computational reproducibility the perhaps most natural indicator is to measure (yes/no) if all the results can be exactly reproduced in the paper or not, as the goal of for instance a journal Data Editor is to ensure this."" (p. 344)",
127,"Amelia","A framework for evaluating reproducibility and replicability in economics","Scope: coverage","all claims","""For computational reproducibility the perhaps most natural indicator is to measure (yes/no) if all the results can be exactly reproduced in the paper or not, as the goal of for instance a journal Data Editor is to ensure this."" (p. 344)",
127,"Amelia","A framework for evaluating reproducibility and replicability in economics","Statistical criterion","X/N — statistically significant effect in same direction as original, at 5% level, two-sided p-value","""This indicator defines reproducibility as finding a statistically significant effect size in the same direction as the original study (typically evaluated at the 5% level based on two-sided p-values)."" (p. 344); footnote a to Table 4 confirms this applies to computational reproducibility: ""For computational and recreate reproducibility this will be one test/effect size/t-value (based on one reproducibility test)"" (p. 346)",
128,"Amelia","The reliability of replications: a study in computational reproductions","Classification","binary","The first we call a Directional Reproduction, a dichotomy where results simply point in the same direction and match a null hypothesis significance test that the coefficient is exactly zero with a cut-off of p < 0.05 or not. In this scenario, the exact numbers need not match for success. (p. 8)",
128,"Amelia","The reliability of replications: a study in computational reproductions","Scope: unit","claim-level","each individual odds ratio is assessed",
128,"Amelia","The reliability of replications: a study in computational reproductions","Scope: coverage","not specified",,
128,"Amelia","The reliability of replications: a study in computational reproductions","Statistical criterion",,"""results simply point in the same direction and match a null hypothesis significance test that the coefficient is exactly zero with a cut-off of p < 0.05 or not"" (p. 8)",
128,"Amelia","The reliability of replications: a study in computational reproductions","Classification","binary","...Exact Replication where results must be within 1% of the original. This reflects precision, an important aspect of science such that without it, we might not claim reliable results. (p. 8)",
128,"Amelia","The reliability of replications: a study in computational reproductions","Scope: unit","claim-level",,
128,"Amelia","The reliability of replications: a study in computational reproductions","Scope: coverage","not specified",,
128,"Amelia","The reliability of replications: a study in computational reproductions","Statistical criterion",,"""results must be within 1% of the original"" odds ratio (p. 8); specifically, the ratio difference must be within 0.01",
128,"Amelia","The reliability of replications: a study in computational reproductions","Classification","continuum","The third is a continuous variable capturing Replication Error measured as the absolute value of the ratio difference between the replicated odds ratio and original (p. 9)",
128,"Amelia","The reliability of replications: a study in computational reproductions","Scope: unit","claim-level",,
128,"Amelia","The reliability of replications: a study in computational reproductions","Scope: coverage","not specified",,
128,"Amelia","The reliability of replications: a study in computational reproductions","Statistical criterion",,"""absolute value of the ratio difference between the replicated odds ratio and original"" (p. 9) — a continuous measure on [0, ∞)",
129,"Amelia","Accelerating social science knowledge production with the coordinated open-source model","Classification","not specified",,
129,"Amelia","Accelerating social science knowledge production with the coordinated open-source model","Scope: unit","not specified",,
129,"Amelia","Accelerating social science knowledge production with the coordinated open-source model","Scope: coverage","not specified",,
130,"Amelia","Reproducibility in the classroom","Classification","not specified",,
130,"Amelia","Reproducibility in the classroom","Scope: unit","not specified",,
130,"Amelia","Reproducibility in the classroom","Scope: coverage","not specified",,
131,"Amelia","Guide for Accelerating Computational Reproducibility in the Social Sciences","Classification","ordinal","""The assessment includes a 10-point scale, where 1 represents that, under the current circumstances, reproducers cannot access any reproduction package. At level 10, the reproducer can access all of the necessary materials to faithfully reproduce the target display item from the raw data."" (Assessment - https://bitss.github.io/ACRE/assessment.html#score)","The book explicitly mentions 1-10 as a scoring system but it corresponds to qualitatively different characteristics. So I opted for ordinal."
131,"Amelia","Guide for Accelerating Computational Reproducibility in the Social Sciences","Scope: unit","claim-level","""Each claim is tested using different methodologies, presenting results in one or more display items (outputs like tables and figures). (Introduction https://bitss.github.io/ACRE/intro.html#reproduction-stages)""",
131,"Amelia","Guide for Accelerating Computational Reproducibility in the Social Sciences","Scope: coverage","fixed number of claims","""you should specify the parts of the paper that will be the main focus of your reproduction."" and ""you can reproduce up to five estimates that correspond to the preferred estimate’s alternative specifications"" (https://bitss.github.io/ACRE/scoping.html#declare-estimates)",
131,"Amelia","Guide for Accelerating Computational Reproducibility in the Social Sciences","Classification","binary","Computationally reproducible from analytic data (CRA): outputs can be reproduced with minimal effort starting from analytic datasets
Computationally reproducible from raw data (CRR): outputs can be reproduced with minimal effort from the raw dataset (https://bitss.github.io/ACRE/assessment.html#levels-of-computational-reproducibility-for-a-specific-display-item)","The book distinguishes two types of reproducibility, and this looks similar to what Arnim suggested during the kick-off meeting (horizontal/vertical)"
131,"Amelia","Guide for Accelerating Computational Reproducibility in the Social Sciences","Scope: unit","not specified",,
131,"Amelia","Guide for Accelerating Computational Reproducibility in the Social Sciences","Scope: coverage","not specified",,"Coverage not stated in the CRA/CRR definition quoted for this operationalization."
132,"Amelia","Long-term effects of the targeting the ultra poor program—a reproducibility and replicability assessment of banerjee et al. (2021)","Classification","ordinal","BITSS 10-point ""levels of computational reproducibility"" scale, BDS assigned ""the highest level""",
132,"Amelia","Long-term effects of the targeting the ultra poor program—a reproducibility and replicability assessment of banerjee et al. (2021)","Scope: unit","paper-level",,
132,"Amelia","Long-term effects of the targeting the ultra poor program—a reproducibility and replicability assessment of banerjee et al. (2021)","Scope: coverage","all claims",,
133,"Amelia","From guidelines to practice: evaluating the reproducibility of methods in computational social science","Classification","binary","""Task Completion (Reproducibility). Whether the workflow was successfully reproduced."" (3.5.1); reported as success-rate % and analyzed via chi-square (categorical) in 4.1.2",
133,"Amelia","From guidelines to practice: evaluating the reproducibility of methods in computational social science","Scope: unit","paper-level","""Each participant completed only one reproduction task"" (3.4); success/failure judged for the whole workflow, not individual claims",
133,"Amelia","From guidelines to practice: evaluating the reproducibility of methods in computational social science","Scope: coverage","not specified",,
134,"Amelia","PaperRepro: automated computational reproducibility assessment for social science papers","Classification","ordinal","""REPRO-Bench uses a four-level rubric. Score 1 means major findings are irreproducible. Score 4 means major findings are fully reproducible. Scores 2 and 3 mean major findings are reproducible, but issues remain."" (§4.1.1, p.6)",
134,"Amelia","PaperRepro: automated computational reproducibility assessment for social science papers","Scope: unit","paper-level",,"Single score assigned per paper/instance based on ""major findings"" collectively, not per individual claim"
134,"Amelia","PaperRepro: automated computational reproducibility assessment for social science papers","Scope: coverage","only focal or primary claims",,"Rubric is scoped to ""major findings"" per instance, not all claims"
135,"Amelia","Automating computational reproducibility in social science: comparing prompt-based and agent-based approaches","Classification","binary","""a classification label of Reproduced or Not Reproduced was assigned to that run"" (p.5)",
135,"Amelia","Automating computational reproducibility in social science: comparing prompt-based and agent-based approaches","Scope: unit","not specified",,
135,"Amelia","Automating computational reproducibility in social science: comparing prompt-based and agent-based approaches","Scope: coverage","not specified",,
136,"Amelia","Artisan: agentic artifact evaluation","Classification","ordinal","""The method judge classifies the reproduction method into three categories: Copied results… Last-mile reproduction… Full reproduction"" (p. 8). For the output judge: ""classifies the result into four categories: Static error/Runtime error/Mismatched results/Success"" (p. 7).","Only last-mile and full reproduction count as success in their reported metric — so the effective success scale is ordinal with three meaningful levels (non-reproducing/last-mile/full)."
136,"Amelia","Artisan: agentic artifact evaluation","Scope: unit","claim-level","""given a research paper p, a table t with numerical results from p, and an artifact URL u, automatically generate a reproduction script s that reproduces t using the artifact"" (p. 3)","The unit is the individual table (which is the paper's operationalization of a ""claim"")."
136,"Amelia","Artisan: agentic artifact evaluation","Scope: coverage","fixed number of claims","""Starting from all 89 tables contained in the 23 papers, we exclude 21 non-result tables… We also exclude six tables that we fail to reproduce… and one table that requires 400 GB of RAM… Finally, we exclude one table that only contains non-deterministic results"" (p. 10).","tables are actively filtered and capped by the their budget (8 hours)"
137,"Amelia","Overcoming barriers to computational reproducibility","Classification","binary","""If these are identical, the spot check is successful, and it can be concluded that the full analysis is likely reproducible."" (p.10)",
137,"Amelia","Overcoming barriers to computational reproducibility","Scope: unit","claim-level","""only a few arbitrarily selected partial results (e.g., individual replications in simulation studies) are recomputed"" (p.10)",
137,"Amelia","Overcoming barriers to computational reproducibility","Scope: coverage","fixed number of claims","""only a few arbitrarily selected partial results (e.g., individual replications in simulation studies) are recomputed"" (p.10)",
138,"Amelia","Reproducibility and robustness of economics and political science research","Classification","not specified",,
138,"Amelia","Reproducibility and robustness of economics and political science research","Scope: unit","not specified",,
138,"Amelia","Reproducibility and robustness of economics and political science research","Scope: coverage","not specified",,
139,"Amelia","PRIMAD-LID: a developed framework for computational reproducibility","Classification","continuum","""coverage dimension -- coverage indicates reproducibility success, illustrating how much of the experiment has been or could be reproduced."" (p. 15) and ""In the reproducibility literature, it is widely recognised that reproducibility is not a binary concept but rather a spectrum"" (p. 7)","While the authors claim the believe that reproducibility assessment should be placed in a continuum, the description is rather vague and implicit."
139,"Amelia","PRIMAD-LID: a developed framework for computational reproducibility","Scope: unit","not specified",,
139,"Amelia","PRIMAD-LID: a developed framework for computational reproducibility","Scope: coverage","not specified",,"Coverage description is vague/implicit (see note on the classification row)."
140,"Amelia","How to Get There From Here? Barriers and Enablers on the Road Towards Reproducibility in Research","Classification","not specified",,
140,"Amelia","How to Get There From Here? Barriers and Enablers on the Road Towards Reproducibility in Research","Scope: unit","not specified",,
140,"Amelia","How to Get There From Here? Barriers and Enablers on the Road Towards Reproducibility in Research","Scope: coverage","not specified",,
141,"Amelia","Understanding cultural persistence and change: A replication of Giuliano and Nunn (2021)","Classification","binary","""documenting these errors indicates that the original article cannot be replicated"" (p. 24)",
141,"Amelia","Understanding cultural persistence and change: A replication of Giuliano and Nunn (2021)","Scope: unit","claim-level","""For each equation, we first identify and describe the coding discrepancies. We then compute the share of observations affected by each discrepancy in the estimation sample used in each data column"" (p. 24)",
141,"Amelia","Understanding cultural persistence and change: A replication of Giuliano and Nunn (2021)","Scope: coverage","only focal or primary claims","""Specifically, our focus lies on two key aspects: (i) the results reported in the main text and (ii) the estimation of all the six equations using individual-level data."" (p. 23)",
142,"Amelia","Teaching Reproducibility and Replicability While Teaching Econometrics in the Classroom","Classification","not specified",,
142,"Amelia","Teaching Reproducibility and Replicability While Teaching Econometrics in the Classroom","Scope: unit","not specified",,
142,"Amelia","Teaching Reproducibility and Replicability While Teaching Econometrics in the Classroom","Scope: coverage","not specified",,
143,"Amelia","What is Computational Reproducibility?","Classification","ordinal","""Partial reproducibility is a form of limited reproducibility, where only some results are reproducible while others are not… Shallow reproducibility is a form of partial reproducibility where not all steps in a serial analysis with multiple steps are reproducible."" (p. 4)",
143,"Amelia","What is Computational Reproducibility?","Scope: unit","not specified",,
143,"Amelia","What is Computational Reproducibility?","Scope: coverage","not specified",,
144,"Amelia","Investigating the reproducibility of the social and behavioural sciences","Classification","ordinal","""Reproducibility was investigated with three possible outcomes: precise reproducibility, approximate reproducibility and not reproduced."" (p.128)",
144,"Amelia","Investigating the reproducibility of the social and behavioural sciences","Scope: unit","paper-level","""We assessed reproducibility at (1) the claim level and (2) the paper level by weighting claims-level data to the paper level"" (p.127)",
144,"Amelia","Investigating the reproducibility of the social and behavioural sciences","Scope: unit","claim-level","""We assessed reproducibility at (1) the claim level and (2) the paper level by weighting claims-level data to the paper level"" (p.127)",
144,"Amelia","Investigating the reproducibility of the social and behavioural sciences","Scope: coverage","only focal or primary claims","""Within each selected journal, we aimed to extract a single claim from each of five papers per year"" (Methods, p.132)",
144,"Amelia","Investigating the reproducibility of the social and behavioural sciences","Statistical criterion","""Approximate reproducibility was defined a priori as achieved if at least one statistical outcome was not precisely reproduced and all outcomes for a claim were reproduced within ±15% of what was originally reported and, for P values, a difference of no more than 0.05."" (p.128); ""Precise reproducibility was achieved if all of the statistical outcomes of the reproduction were the same as originally reported."" (p.128)",,
145,"Amelia","A Brief Glossary of Terms about Repeatability: Replicability, Robustness, and Reproducibility","Classification","not specified",,
145,"Amelia","A Brief Glossary of Terms about Repeatability: Replicability, Robustness, and Reproducibility","Scope: unit","not specified",,
145,"Amelia","A Brief Glossary of Terms about Repeatability: Replicability, Robustness, and Reproducibility","Scope: coverage","not specified",,
